{"cameraMode":{"drawMode":0,"name":"Shaded","section":"Shading Mode"},"sceneLighting":false,"audioPlay":false,"sceneViewState":{"m_AlwaysRefresh":false,"showFog":false,"showSkybox":false,"showFlares":false,"showImageEffects":false,"showParticleSystems":false,"showVisualEffectGraphs":true,"m_FxEnabled":true},"in2DMode":false,"pivot":{"x":0.15777744352817536,"y":0.21760998666286469,"z":0.23142552375793458},"rotation":{"x":-0.02065209485590458,"y":-0.9790434241294861,"z":0.13150377571582795,"w":-0.15462106466293336},"size":1.954169511795044,"orthographic":false}