{"cameraMode":{"drawMode":0,"name":"Shaded","section":"Shading Mode"},"sceneLighting":false,"audioPlay":false,"sceneViewState":{"m_AlwaysRefresh":false,"showFog":true,"showSkybox":false,"showFlares":true,"showImageEffects":true,"showParticleSystems":true,"showVisualEffectGraphs":true,"m_FxEnabled":true},"in2DMode":false,"pivot":{"x":3.5762786865234377e-7,"y":1.5045688152313233,"z":-0.011093676090240479},"rotation":{"x":-0.18273067474365235,"y":-0.7453992366790772,"z":0.22906124591827393,"w":-0.599189043045044},"size":2.327989339828491,"orthographic":true}